{"checkpoints/VOC2007/bcos_standard_attrNone_loclossNone_origNone_resnet50_lr0.0001_sll1.0_layerInput/model_checkpoint_f1_best.pt": {"Accuracy": 0.9724252820014954, "Precision": 0.8633061647415161, "Recall": 0.7629716992378235, "F-Score": 0.8100438117980957, "True Positives": 5823.0, "True Negatives": 90486.0, "False Positives": 922.0, "False Negatives": 1809.0, "BB-Loc": 0.5561209548911138, "BB-IoU": 0.00689106986784397, "Average-Loss": 0.1511147765620267}}