{"model_checkpoint_pareto_0.7574_0.6938_0.0078_10.pt": {"Accuracy": 0.9657007455825806, "Precision": 0.8105294108390808, "Recall": 0.7241876125335693, "F-Score": 0.7649297714233398, "True Positives": 5527.0, "True Negatives": 90116.0, "False Positives": 1292.0, "False Negatives": 2105.0, "BB-Loc": 0.7014235026501656, "BB-IoU": 0.0072410891106703115, "Average-Loss": 0.18841218717263858}, "model_checkpoint_pareto_0.7703_0.6919_0.0086_7.pt": {"Accuracy": 0.9682855606079102, "Precision": 0.8544593453407288, "Recall": 0.7092505097389221, "F-Score": 0.7751127481460571, "True Positives": 5413.0, "True Negatives": 90486.0, "False Positives": 922.0, "False Negatives": 2219.0, "BB-Loc": 0.6968160101756012, "BB-IoU": 0.007896094543593028, "Average-Loss": 0.17022419129897012}, "model_checkpoint_pareto_0.7795_0.6570_0.0083_2.pt": {"Accuracy": 0.9692346453666687, "Precision": 0.8571428656578064, "Recall": 0.7209119200706482, "F-Score": 0.7831470966339111, "True Positives": 5502.0, "True Negatives": 90491.0, "False Positives": 917.0, "False Negatives": 2130.0, "BB-Loc": 0.6615781463704209, "BB-IoU": 0.007602735304590693, "Average-Loss": 0.16752927715443255}}