{"model_checkpoint_pareto_0.8027_0.6528_0.0082_21.pt": {"Accuracy": 0.9719911217689514, "Precision": 0.8649339079856873, "Recall": 0.7543238997459412, "F-Score": 0.8058510422706604, "True Positives": 5757.0, "True Negatives": 90509.0, "False Positives": 899.0, "False Negatives": 1875.0, "BB-Loc": 0.6559839792328813, "BB-IoU": 0.007535369954824051, "Average-Loss": 0.16458987727496466}, "model_checkpoint_pareto_0.7917_0.6907_0.0086_50.pt": {"Accuracy": 0.9717589020729065, "Precision": 0.8835475444793701, "Recall": 0.7296907901763916, "F-Score": 0.7992823719978333, "True Positives": 5569.0, "True Negatives": 90674.0, "False Positives": 734.0, "False Negatives": 2063.0, "BB-Loc": 0.6938976106381315, "BB-IoU": 0.007787343364604931, "Average-Loss": 0.1683855811690668}, "model_checkpoint_pareto_0.7985_0.6817_0.0089_48.pt": {"Accuracy": 0.9718194603919983, "Precision": 0.8683609962463379, "Recall": 0.7476415038108826, "F-Score": 0.8034922480583191, "True Positives": 5706.0, "True Negatives": 90543.0, "False Positives": 865.0, "False Negatives": 1926.0, "BB-Loc": 0.6844407147260789, "BB-IoU": 0.008076546197841624, "Average-Loss": 0.167531545019689}}