{"model_checkpoint_pareto_0.7737_0.6728_0.0086_3.pt": {"Accuracy": 0.9690024256706238, "Precision": 0.8568522930145264, "Recall": 0.7176362872123718, "F-Score": 0.7810895442962646, "True Positives": 5477.0, "True Negatives": 90493.0, "False Positives": 915.0, "False Negatives": 2155.0, "BB-Loc": 0.676210184479825, "BB-IoU": 0.008055260877199781, "Average-Loss": 0.1756462010890486}, "model_checkpoint_pareto_0.7794_0.6410_0.0074_1.pt": {"Accuracy": 0.9691942930221558, "Precision": 0.8651363253593445, "Recall": 0.7110849022865295, "F-Score": 0.7805825471878052, "True Positives": 5427.0, "True Negatives": 90562.0, "False Positives": 846.0, "False Negatives": 2205.0, "BB-Loc": 0.644859066662381, "BB-IoU": 0.007094717852781962, "Average-Loss": 0.17625624451768224}, "model_checkpoint_pareto_0.7674_0.6967_0.0082_7.pt": {"Accuracy": 0.9689115285873413, "Precision": 0.8615213632583618, "Recall": 0.7108228802680969, "F-Score": 0.7789503931999207, "True Positives": 5425.0, "True Negatives": 90536.0, "False Positives": 872.0, "False Negatives": 2207.0, "BB-Loc": 0.7000521251865363, "BB-IoU": 0.007601768405206007, "Average-Loss": 0.17471712818053312}, "model_checkpoint_pareto_0.7701_0.6955_0.0073_8.pt": {"Accuracy": 0.9685884714126587, "Precision": 0.8399759531021118, "Recall": 0.7317872047424316, "F-Score": 0.7821581363677979, "True Positives": 5585.0, "True Negatives": 90344.0, "False Positives": 1064.0, "False Negatives": 2047.0, "BB-Loc": 0.6994875692329677, "BB-IoU": 0.00680182222524034, "Average-Loss": 0.17642202053778777}, "model_checkpoint_pareto_0.7638_0.6983_0.0072_9.pt": {"Accuracy": 0.9688004851341248, "Precision": 0.8674757480621338, "Recall": 0.7024371027946472, "F-Score": 0.776281476020813, "True Positives": 5361.0, "True Negatives": 90589.0, "False Positives": 819.0, "False Negatives": 2271.0, "BB-Loc": 0.7007330946792789, "BB-IoU": 0.006843477494625541, "Average-Loss": 0.17024818876448278}, "model_checkpoint_pareto_0.7679_0.6872_0.0090_6.pt": {"Accuracy": 0.9682552218437195, "Precision": 0.8413447141647339, "Recall": 0.7247117161750793, "F-Score": 0.7786850333213806, "True Positives": 5531.0, "True Negatives": 90365.0, "False Positives": 1043.0, "False Negatives": 2101.0, "BB-Loc": 0.6891864148023491, "BB-IoU": 0.00822984095568714, "Average-Loss": 0.17022012393193406}}