{"model_checkpoint_pareto_0.8030_0.5578_0.0081_42.pt": {"Accuracy": 0.9726372957229614, "Precision": 0.8762996792793274, "Recall": 0.7509171962738037, "F-Score": 0.8087778687477112, "True Positives": 5731.0, "True Negatives": 90599.0, "False Positives": 809.0, "False Negatives": 1901.0, "BB-Loc": 0.5638163322926862, "BB-IoU": 0.007387826235078873, "Average-Loss": 0.16335182005061086}}