{"checkpoints/COCO2014/bcos_standard_attrBCos_loclossL1_origNone_resnet50_lr0.0001_sll0.0_layerInput/model_checkpoint_f1_best.pt": {"Accuracy": 0.9809117913246155, "Precision": 0.8003203868865967, "Recall": 0.6255832314491272, "F-Score": 0.7022452354431152, "True Positives": 72938.0, "True Negatives": 3105530.0, "False Positives": 18198.0, "False Negatives": 43654.0, "BB-Loc": 0.3006592930968281, "BB-IoU": 0.012027108307015137, "Average-Loss": 0.056343785345660306}}