{"checkpoints/COCO2014/bcos_standard_attrBCos_loclossL1_origNone_resnet50_lr0.0001_sll0.0_layerInput/model_checkpoint_f1_best.pt": {"Accuracy": 0.980911135673523, "Precision": 0.8003028631210327, "Recall": 0.6255832314491272, "F-Score": 0.7022385001182556, "True Positives": 72938.0, "True Negatives": 3105528.0, "False Positives": 18200.0, "False Negatives": 43654.0, "BB-Loc": 0.29800022944217286, "BB-IoU": 0.23317066532972272, "Average-Loss": 0.056343646711590215}}