{"checkpoints/COCO2014/xdnn_standard_attrIxG_loclossL1_origNone_resnet50_lr0.0001_sll0.0_layerInput/model_checkpoint_f1_best.pt": {"Accuracy": 0.9788462519645691, "Precision": 0.7576329708099365, "Recall": 0.6059334874153137, "F-Score": 0.6733447909355164, "True Positives": 70647.0, "True Negatives": 3101128.0, "False Positives": 22600.0, "False Negatives": 45945.0, "BB-Loc": 0.26705060997350044, "BB-IoU": 0.0026901080617414545, "Average-Loss": 0.06607754861981224}}