{"model_checkpoint_pareto_0.7026_0.2536_0.2632_1.pt": {"Accuracy": 0.9808361530303955, "Precision": 0.807989239692688, "Recall": 0.613095223903656, "F-Score": 0.6971778869628906, "True Positives": 71482.0, "True Negatives": 3106741.0, "False Positives": 16987.0, "False Negatives": 45110.0, "BB-Loc": 0.2585938164861801, "BB-IoU": 0.26445124741794473, "Average-Loss": 0.05595706862092324}, "model_checkpoint_pareto_0.7086_0.2485_0.2605_3.pt": {"Accuracy": 0.9807565212249756, "Precision": 0.7923165559768677, "Recall": 0.6304377913475037, "F-Score": 0.7021679878234863, "True Positives": 73504.0, "True Negatives": 3104461.0, "False Positives": 19267.0, "False Negatives": 43088.0, "BB-Loc": 0.25350493753095005, "BB-IoU": 0.26278869131325044, "Average-Loss": 0.055847975662897495}}