{"model_checkpoint_pareto_0.6899_0.3929_0.0140_10.pt": {"Accuracy": 0.9794699549674988, "Precision": 0.7662284970283508, "Recall": 0.6179669499397278, "F-Score": 0.6841575503349304, "True Positives": 72050.0, "True Negatives": 3101746.0, "False Positives": 21982.0, "False Negatives": 44542.0, "BB-Loc": 0.3978821772743533, "BB-IoU": 0.013883232742365276, "Average-Loss": 0.0728759765625}, "model_checkpoint_pareto_0.7048_0.3572_0.0142_3.pt": {"Accuracy": 0.9805442094802856, "Precision": 0.7902542352676392, "Recall": 0.6252315640449524, "F-Score": 0.6981233954429626, "True Positives": 72897.0, "True Negatives": 3104380.0, "False Positives": 19348.0, "False Negatives": 43695.0, "BB-Loc": 0.3621292181516929, "BB-IoU": 0.014171231694373405, "Average-Loss": 0.06023945696335547}, "model_checkpoint_pareto_0.6980_0.3799_0.0134_7.pt": {"Accuracy": 0.9795933961868286, "Precision": 0.7616766095161438, "Recall": 0.6299746036529541, "F-Score": 0.6895936727523804, "True Positives": 73450.0, "True Negatives": 3100746.0, "False Positives": 22982.0, "False Negatives": 43142.0, "BB-Loc": 0.38489828652138114, "BB-IoU": 0.013404485009709673, "Average-Loss": 0.06685482765783934}, "model_checkpoint_pareto_0.6937_0.3852_0.0143_8.pt": {"Accuracy": 0.979636549949646, "Precision": 0.7691857814788818, "Recall": 0.6201540231704712, "F-Score": 0.6866767406463623, "True Positives": 72305.0, "True Negatives": 3102031.0, "False Positives": 21697.0, "False Negatives": 44287.0, "BB-Loc": 0.3899960195627881, "BB-IoU": 0.014242459630672685, "Average-Loss": 0.06873999182565302}}