{"model_checkpoint_pareto_0.6913_0.3495_0.0713_10.pt": {"Accuracy": 0.9797548055648804, "Precision": 0.777768075466156, "Recall": 0.6122975945472717, "F-Score": 0.6851841807365417, "True Positives": 71389.0, "True Negatives": 3103330.0, "False Positives": 20398.0, "False Negatives": 45203.0, "BB-Loc": 0.35371138226648013, "BB-IoU": 0.07267282795491001, "Average-Loss": 0.0683805076543366}, "model_checkpoint_pareto_0.6991_0.3402_0.0407_7.pt": {"Accuracy": 0.9796189665794373, "Precision": 0.7595580220222473, "Recall": 0.634391725063324, "F-Score": 0.6913553476333618, "True Positives": 73965.0, "True Negatives": 3100314.0, "False Positives": 23414.0, "False Negatives": 42627.0, "BB-Loc": 0.34455332250167087, "BB-IoU": 0.04208235162688162, "Average-Loss": 0.06441801441485717}, "model_checkpoint_pareto_0.6926_0.3451_0.0630_9.pt": {"Accuracy": 0.979566216468811, "Precision": 0.7668715119361877, "Recall": 0.6208401918411255, "F-Score": 0.6861723065376282, "True Positives": 72385.0, "True Negatives": 3101723.0, "False Positives": 22005.0, "False Negatives": 44207.0, "BB-Loc": 0.3493069048054483, "BB-IoU": 0.06419719201310332, "Average-Loss": 0.06730475549097002}, "model_checkpoint_pareto_0.7036_0.3342_0.0221_5.pt": {"Accuracy": 0.9799137115478516, "Precision": 0.7627696394920349, "Recall": 0.6411760449409485, "F-Score": 0.6967073082923889, "True Positives": 74756.0, "True Negatives": 3100478.0, "False Positives": 23250.0, "False Negatives": 41836.0, "BB-Loc": 0.3387169386912435, "BB-IoU": 0.02260265902425296, "Average-Loss": 0.062040801766877963}}