{"model_checkpoint_pareto_0.6952_0.4119_0.0123_7.pt": {"Accuracy": 0.9795122146606445, "Precision": 0.7620603442192078, "Recall": 0.6260892748832703, "F-Score": 0.6874155402183533, "True Positives": 72997.0, "True Negatives": 3100936.0, "False Positives": 22792.0, "False Negatives": 43595.0, "BB-Loc": 0.41740348530290117, "BB-IoU": 0.012320659089526929, "Average-Loss": 0.06714861133506876}, "model_checkpoint_pareto_0.6883_0.4277_0.0126_10.pt": {"Accuracy": 0.9794899821281433, "Precision": 0.7711328268051147, "Recall": 0.6114656329154968, "F-Score": 0.6820797920227051, "True Positives": 71292.0, "True Negatives": 3102569.0, "False Positives": 21159.0, "False Negatives": 45300.0, "BB-Loc": 0.43309343986377696, "BB-IoU": 0.012686014886367482, "Average-Loss": 0.07266586156035515}, "model_checkpoint_pareto_0.7034_0.3816_0.0134_3.pt": {"Accuracy": 0.980526328086853, "Precision": 0.7930018305778503, "Recall": 0.6208487749099731, "F-Score": 0.6964444518089294, "True Positives": 72386.0, "True Negatives": 3104833.0, "False Positives": 18895.0, "False Negatives": 44206.0, "BB-Loc": 0.386700661718538, "BB-IoU": 0.013464095494171923, "Average-Loss": 0.06017659545392122}, "model_checkpoint_pareto_0.6979_0.4066_0.0132_6.pt": {"Accuracy": 0.9795578718185425, "Precision": 0.7555808424949646, "Recall": 0.6383799910545349, "F-Score": 0.6920534372329712, "True Positives": 74430.0, "True Negatives": 3099651.0, "False Positives": 24077.0, "False Negatives": 42162.0, "BB-Loc": 0.41200405366130893, "BB-IoU": 0.013217271813460383, "Average-Loss": 0.06572802199126938}}