{"model_checkpoint_pareto_0.7029_0.3251_0.0797_5.pt": {"Accuracy": 0.980030357837677, "Precision": 0.767344057559967, "Recall": 0.6386373043060303, "F-Score": 0.6970996260643005, "True Positives": 74460.0, "True Negatives": 3101152.0, "False Positives": 22576.0, "False Negatives": 42132.0, "BB-Loc": 0.3293763614273585, "BB-IoU": 0.0802383351766543, "Average-Loss": 0.06167224007775467}, "model_checkpoint_pareto_0.6981_0.3270_0.1175_7.pt": {"Accuracy": 0.9795840978622437, "Precision": 0.7565044164657593, "Recall": 0.6379339694976807, "F-Score": 0.6921781301498413, "True Positives": 74378.0, "True Negatives": 3099788.0, "False Positives": 23940.0, "False Negatives": 42214.0, "BB-Loc": 0.3311802344666875, "BB-IoU": 0.11782687295717924, "Average-Loss": 0.06369723177417662}, "model_checkpoint_pareto_0.7009_0.3276_0.1005_6.pt": {"Accuracy": 0.9798720479011536, "Precision": 0.7658816576004028, "Recall": 0.6345890164375305, "F-Score": 0.6940810680389404, "True Positives": 73988.0, "True Negatives": 3101111.0, "False Positives": 22617.0, "False Negatives": 42604.0, "BB-Loc": 0.33190462835782897, "BB-IoU": 0.10141657277737945, "Average-Loss": 0.06262512628961028}, "model_checkpoint_pareto_0.6940_0.3288_0.1354_9.pt": {"Accuracy": 0.979814350605011, "Precision": 0.7761150598526001, "Recall": 0.6169805526733398, "F-Score": 0.6874588131904602, "True Positives": 71935.0, "True Negatives": 3102977.0, "False Positives": 20751.0, "False Negatives": 44657.0, "BB-Loc": 0.33295083558680155, "BB-IoU": 0.13545420391148655, "Average-Loss": 0.06566998253644701}}