{"model_checkpoint_pareto_0.7046_0.3678_0.0140_3.pt": {"Accuracy": 0.9805185794830322, "Precision": 0.791044294834137, "Recall": 0.6231902837753296, "F-Score": 0.6971560716629028, "True Positives": 72659.0, "True Negatives": 3104535.0, "False Positives": 19193.0, "False Negatives": 43933.0, "BB-Loc": 0.3727150178183262, "BB-IoU": 0.013981410886658005, "Average-Loss": 0.06021935502319215}, "model_checkpoint_pareto_0.6927_0.3996_0.0140_8.pt": {"Accuracy": 0.9796217679977417, "Precision": 0.7694751024246216, "Recall": 0.6191334128379822, "F-Score": 0.6861656904220581, "True Positives": 72186.0, "True Negatives": 3102102.0, "False Positives": 21626.0, "False Negatives": 44406.0, "BB-Loc": 0.40450323820302253, "BB-IoU": 0.014014023212784473, "Average-Loss": 0.06876083515671291}, "model_checkpoint_pareto_0.6978_0.3938_0.0131_7.pt": {"Accuracy": 0.9796091318130493, "Precision": 0.7622320055961609, "Recall": 0.629734456539154, "F-Score": 0.6896771788597107, "True Positives": 73422.0, "True Negatives": 3100825.0, "False Positives": 22903.0, "False Negatives": 43170.0, "BB-Loc": 0.398905242353239, "BB-IoU": 0.013131318910370452, "Average-Loss": 0.06693558501745198}, "model_checkpoint_pareto_0.6891_0.4083_0.0137_10.pt": {"Accuracy": 0.9794893860816956, "Precision": 0.767333984375, "Recall": 0.6170749068260193, "F-Score": 0.6840501427650452, "True Positives": 71946.0, "True Negatives": 3101913.0, "False Positives": 21815.0, "False Negatives": 44646.0, "BB-Loc": 0.41331504170772204, "BB-IoU": 0.01364034508102169, "Average-Loss": 0.07287297483350409}}