{"model_checkpoint_pareto_0.7008_0.3105_0.0339_2.pt": {"Accuracy": 0.9804692268371582, "Precision": 0.790388286113739, "Recall": 0.6222125291824341, "F-Score": 0.6962894201278687, "True Positives": 72545.0, "True Negatives": 3104489.0, "False Positives": 19239.0, "False Negatives": 44047.0, "BB-Loc": 0.3148820274239669, "BB-IoU": 0.03429897052911341, "Average-Loss": 0.05864992693622852}, "model_checkpoint_pareto_0.6939_0.2961_0.2065_10.pt": {"Accuracy": 0.9801979660987854, "Precision": 0.7908313274383545, "Recall": 0.6113626956939697, "F-Score": 0.6896117925643921, "True Positives": 71280.0, "True Negatives": 3104875.0, "False Positives": 18853.0, "False Negatives": 45312.0, "BB-Loc": 0.3007423095576948, "BB-IoU": 0.20678785309728376, "Average-Loss": 0.06404436545811834}, "model_checkpoint_pareto_0.6988_0.3033_0.0862_3.pt": {"Accuracy": 0.9804074764251709, "Precision": 0.7917591333389282, "Recall": 0.6180355548858643, "F-Score": 0.6941937208175659, "True Positives": 72058.0, "True Negatives": 3104776.0, "False Positives": 18952.0, "False Negatives": 44534.0, "BB-Loc": 0.3078079394858791, "BB-IoU": 0.08679261436933193, "Average-Loss": 0.059311392277614554}, "model_checkpoint_pareto_0.7026_0.2978_0.1773_6.pt": {"Accuracy": 0.9799337983131409, "Precision": 0.766074001789093, "Recall": 0.6367589831352234, "F-Score": 0.6954562664031982, "True Positives": 74241.0, "True Negatives": 3101058.0, "False Positives": 22670.0, "False Negatives": 42351.0, "BB-Loc": 0.3024066389896227, "BB-IoU": 0.17750801410041428, "Average-Loss": 0.061373779007551726}}