{"model_checkpoint_pareto_0.6937_0.4146_0.0126_6.pt": {"Accuracy": 0.9798476696014404, "Precision": 0.7757397294044495, "Recall": 0.6188246011734009, "F-Score": 0.6884542107582092, "True Positives": 72150.0, "True Negatives": 3102870.0, "False Positives": 20858.0, "False Negatives": 44442.0, "BB-Loc": 0.4199845602494166, "BB-IoU": 0.012785190715685155, "Average-Loss": 0.06381064047108001}, "model_checkpoint_pareto_0.6879_0.4263_0.0119_10.pt": {"Accuracy": 0.9795510768890381, "Precision": 0.7711185812950134, "Recall": 0.6139014959335327, "F-Score": 0.6835869550704956, "True Positives": 71576.0, "True Negatives": 3102483.0, "False Positives": 21245.0, "False Negatives": 45016.0, "BB-Loc": 0.4316933011211739, "BB-IoU": 0.012010688026502882, "Average-Loss": 0.06777719629156997}}