{"model_checkpoint_pareto_0.6936_0.3782_0.2584_10.pt": {"Accuracy": 0.9798550605773926, "Precision": 0.7806115746498108, "Recall": 0.612186074256897, "F-Score": 0.686215341091156, "True Positives": 71376.0, "True Negatives": 3103668.0, "False Positives": 20060.0, "False Negatives": 45216.0, "BB-Loc": 0.3827364396477053, "BB-IoU": 0.2604748654689333, "Average-Loss": 0.06720030376050821}, "model_checkpoint_pareto_0.6976_0.3680_0.2538_4.pt": {"Accuracy": 0.9802914261817932, "Precision": 0.7884573340415955, "Recall": 0.6180955767631531, "F-Score": 0.6929593682289124, "True Positives": 72065.0, "True Negatives": 3104393.0, "False Positives": 19335.0, "False Negatives": 44527.0, "BB-Loc": 0.3728625394760649, "BB-IoU": 0.2558322733756687, "Average-Loss": 0.0608032636437142}}