{"model_checkpoint_pareto_0.6934_0.2947_0.0005_9.pt": {"Accuracy": 0.9794930815696716, "Precision": 0.761616587638855, "Recall": 0.6260120868682861, "F-Score": 0.687188446521759, "True Positives": 72988.0, "True Negatives": 3100883.0, "False Positives": 22845.0, "False Negatives": 43604.0, "BB-Loc": 0.29930512730262, "BB-IoU": 0.0005331058651176637, "Average-Loss": 0.06717157637015789}, "model_checkpoint_pareto_0.7038_0.2890_0.0008_4.pt": {"Accuracy": 0.9805318713188171, "Precision": 0.7895163893699646, "Recall": 0.6257719397544861, "F-Score": 0.6981717944145203, "True Positives": 72960.0, "True Negatives": 3104277.0, "False Positives": 19451.0, "False Negatives": 43632.0, "BB-Loc": 0.2937443408954955, "BB-IoU": 0.0007939328589013632, "Average-Loss": 0.05936515215896887}}