{"model_checkpoint_pareto_0.5790_0.3465_0.0361_7.pt": {"Accuracy": 0.9754104614257812, "Precision": 0.7594972252845764, "Recall": 0.4633251130580902, "F-Score": 0.5755441784858704, "True Positives": 54020.0, "True Negatives": 3106622.0, "False Positives": 17106.0, "False Negatives": 62572.0, "BB-Loc": 0.35157446550734744, "BB-IoU": 0.03709692595262895, "Average-Loss": 0.07508237998098953}, "model_checkpoint_pareto_0.5672_0.3559_0.0406_5.pt": {"Accuracy": 0.974909245967865, "Precision": 0.7593861222267151, "Recall": 0.44306641817092896, "F-Score": 0.5596203804016113, "True Positives": 51658.0, "True Negatives": 3107360.0, "False Positives": 16368.0, "False Negatives": 64934.0, "BB-Loc": 0.361259376740674, "BB-IoU": 0.04140846775932627, "Average-Loss": 0.07823491873487803}, "model_checkpoint_pareto_0.4947_0.3673_0.0468_3.pt": {"Accuracy": 0.9732933640480042, "Precision": 0.7869171500205994, "Recall": 0.35348910093307495, "F-Score": 0.4878377914428711, "True Positives": 41214.0, "True Negatives": 3112568.0, "False Positives": 11160.0, "False Negatives": 75378.0, "BB-Loc": 0.37288606073958386, "BB-IoU": 0.04829007621620046, "Average-Loss": 0.09125312203925846}, "model_checkpoint_pareto_0.3696_0.3778_0.0665_1.pt": {"Accuracy": 0.9697986841201782, "Precision": 0.7516796588897705, "Recall": 0.23989638686180115, "F-Score": 0.36371439695358276, "True Positives": 27970.0, "True Negatives": 3114488.0, "False Positives": 9240.0, "False Negatives": 88622.0, "BB-Loc": 0.38284834570340953, "BB-IoU": 0.06755895927195321, "Average-Loss": 0.1205218904884394}, "model_checkpoint_pareto_0.4571_0.3770_0.0550_2.pt": {"Accuracy": 0.972221851348877, "Precision": 0.7824386954307556, "Recall": 0.31580212712287903, "F-Score": 0.44998472929000854, "True Positives": 36820.0, "True Negatives": 3113490.0, "False Positives": 10238.0, "False Negatives": 79772.0, "BB-Loc": 0.382077247759872, "BB-IoU": 0.05618243523354584, "Average-Loss": 0.10104220633494532}}