{"model_checkpoint_pareto_0.6887_0.4030_0.1628_10.pt": {"Accuracy": 0.9794613122940063, "Precision": 0.7698388695716858, "Recall": 0.6122289896011353, "F-Score": 0.6820470690727234, "True Positives": 71381.0, "True Negatives": 3102387.0, "False Positives": 21341.0, "False Negatives": 45211.0, "BB-Loc": 0.40861426876165846, "BB-IoU": 0.1642856448396433, "Average-Loss": 0.07149298116196857}, "model_checkpoint_pareto_0.7027_0.3747_0.1885_3.pt": {"Accuracy": 0.9804815649986267, "Precision": 0.7919357419013977, "Recall": 0.6205914616584778, "F-Score": 0.6958712935447693, "True Positives": 72356.0, "True Negatives": 3104718.0, "False Positives": 19010.0, "False Negatives": 44236.0, "BB-Loc": 0.37979955064332166, "BB-IoU": 0.18992348521395092, "Average-Loss": 0.05962446417329153}, "model_checkpoint_pareto_0.6967_0.3931_0.1713_7.pt": {"Accuracy": 0.9795776605606079, "Precision": 0.7609332203865051, "Recall": 0.6305149793624878, "F-Score": 0.6896121501922607, "True Positives": 73513.0, "True Negatives": 3100632.0, "False Positives": 23096.0, "False Negatives": 43079.0, "BB-Loc": 0.39858496520716274, "BB-IoU": 0.1729335081074613, "Average-Loss": 0.06586989889308772}, "model_checkpoint_pareto_0.6990_0.3525_0.2068_1.pt": {"Accuracy": 0.9807281494140625, "Precision": 0.8041682839393616, "Recall": 0.6138929128646851, "F-Score": 0.6962650418281555, "True Positives": 71575.0, "True Negatives": 3106298.0, "False Positives": 17430.0, "False Negatives": 45017.0, "BB-Loc": 0.3575334414813359, "BB-IoU": 0.2073884090162848, "Average-Loss": 0.05787429945190598}, "model_checkpoint_pareto_0.6990_0.3905_0.1738_6.pt": {"Accuracy": 0.979706346988678, "Precision": 0.7615940570831299, "Recall": 0.6346747875213623, "F-Score": 0.6923660039901733, "True Positives": 73998.0, "True Negatives": 3100564.0, "False Positives": 23164.0, "False Negatives": 42594.0, "BB-Loc": 0.3959350242187145, "BB-IoU": 0.17536005009623284, "Average-Loss": 0.06470603573682537}, "model_checkpoint_pareto_0.7004_0.3667_0.1949_2.pt": {"Accuracy": 0.9806694984436035, "Precision": 0.8003072142601013, "Recall": 0.6166289448738098, "F-Score": 0.6965629458427429, "True Positives": 71894.0, "True Negatives": 3105789.0, "False Positives": 17939.0, "False Negatives": 44698.0, "BB-Loc": 0.3716458195115561, "BB-IoU": 0.19611473518124448, "Average-Loss": 0.05863983075938488}, "model_checkpoint_pareto_0.7003_0.3819_0.1821_4.pt": {"Accuracy": 0.980452835559845, "Precision": 0.792037308216095, "Recall": 0.6193735599517822, "F-Score": 0.6951440572738647, "True Positives": 72214.0, "True Negatives": 3104767.0, "False Positives": 18961.0, "False Negatives": 44378.0, "BB-Loc": 0.3870652367121938, "BB-IoU": 0.18369856533456738, "Average-Loss": 0.06102483102556229}}