{"model_checkpoint_pareto_0.6994_0.3996_0.0136_6.pt": {"Accuracy": 0.9795835018157959, "Precision": 0.755537748336792, "Recall": 0.639503538608551, "F-Score": 0.6926950216293335, "True Positives": 74561.0, "True Negatives": 3099603.0, "False Positives": 24125.0, "False Negatives": 42031.0, "BB-Loc": 0.40491954403351255, "BB-IoU": 0.01356677768786117, "Average-Loss": 0.06578673653373741}, "model_checkpoint_pareto_0.6971_0.4044_0.0127_7.pt": {"Accuracy": 0.9795566201210022, "Precision": 0.7615179419517517, "Recall": 0.6287395358085632, "F-Score": 0.688788115978241, "True Positives": 73306.0, "True Negatives": 3100771.0, "False Positives": 22957.0, "False Negatives": 43286.0, "BB-Loc": 0.4097238739071753, "BB-IoU": 0.012698946808950352, "Average-Loss": 0.06704551580746655}, "model_checkpoint_pareto_0.6899_0.4198_0.0132_10.pt": {"Accuracy": 0.9794865846633911, "Precision": 0.7689641118049622, "Recall": 0.6145275831222534, "F-Score": 0.6831260919570923, "True Positives": 71649.0, "True Negatives": 3102201.0, "False Positives": 21527.0, "False Negatives": 44943.0, "BB-Loc": 0.42504845312837747, "BB-IoU": 0.013180400301953638, "Average-Loss": 0.0727661181033046}, "model_checkpoint_pareto_0.7042_0.3760_0.0137_3.pt": {"Accuracy": 0.980532169342041, "Precision": 0.7928524613380432, "Recall": 0.6212690472602844, "F-Score": 0.6966511607170105, "True Positives": 72435.0, "True Negatives": 3104803.0, "False Positives": 18925.0, "False Negatives": 44157.0, "BB-Loc": 0.3810335703862032, "BB-IoU": 0.013717434740785477, "Average-Loss": 0.060186691630764864}}