{"model_checkpoint_pareto_0.6940_0.2660_0.2045_4.pt": {"Accuracy": 0.9804244637489319, "Precision": 0.8012261986732483, "Recall": 0.6063966751098633, "F-Score": 0.6903282403945923, "True Positives": 70701.0, "True Negatives": 3106188.0, "False Positives": 17540.0, "False Negatives": 45891.0, "BB-Loc": 0.2712931740112271, "BB-IoU": 0.20395685514367817, "Average-Loss": 0.05920144943246346}, "model_checkpoint_pareto_0.6989_0.2830_0.1003_2.pt": {"Accuracy": 0.9803210496902466, "Precision": 0.7905081510543823, "Recall": 0.6164488196372986, "F-Score": 0.6927117705345154, "True Positives": 71873.0, "True Negatives": 3104681.0, "False Positives": 19047.0, "False Negatives": 44719.0, "BB-Loc": 0.2879580582241962, "BB-IoU": 0.10012113828092489, "Average-Loss": 0.05860915646448499}, "model_checkpoint_pareto_0.6963_0.2596_0.2290_8.pt": {"Accuracy": 0.9800911545753479, "Precision": 0.784679651260376, "Recall": 0.6156254410743713, "F-Score": 0.6899478435516357, "True Positives": 71777.0, "True Negatives": 3104032.0, "False Positives": 19696.0, "False Negatives": 44815.0, "BB-Loc": 0.2646765016844858, "BB-IoU": 0.23205484780487454, "Average-Loss": 0.06082993563328622}, "model_checkpoint_pareto_0.7017_0.3022_0.0278_1.pt": {"Accuracy": 0.9806991219520569, "Precision": 0.7973724007606506, "Recall": 0.6215349435806274, "F-Score": 0.6985583901405334, "True Positives": 72466.0, "True Negatives": 3105313.0, "False Positives": 18415.0, "False Negatives": 44126.0, "BB-Loc": 0.306868076827558, "BB-IoU": 0.0278039671877283, "Average-Loss": 0.05770502122475558}, "model_checkpoint_pareto_0.6971_0.2696_0.1778_3.pt": {"Accuracy": 0.9801050424575806, "Precision": 0.7830780744552612, "Recall": 0.6183786392211914, "F-Score": 0.6910505890846252, "True Positives": 72098.0, "True Negatives": 3103756.0, "False Positives": 19972.0, "False Negatives": 44494.0, "BB-Loc": 0.27486941158233175, "BB-IoU": 0.1780021058002448, "Average-Loss": 0.059111066046331845}, "model_checkpoint_pareto_0.6993_0.2604_0.2218_6.pt": {"Accuracy": 0.9797806739807129, "Precision": 0.765448808670044, "Recall": 0.6316042542457581, "F-Score": 0.6921150088310242, "True Positives": 73640.0, "True Negatives": 3101163.0, "False Positives": 22565.0, "False Negatives": 42952.0, "BB-Loc": 0.26564590313734227, "BB-IoU": 0.22294504109599203, "Average-Loss": 0.060372443201983136}}