{"model_checkpoint_pareto_0.6974_0.3436_0.0254_10.pt": {"Accuracy": 0.9797585010528564, "Precision": 0.7657596468925476, "Recall": 0.6302319169044495, "F-Score": 0.6914170384407043, "True Positives": 73480.0, "True Negatives": 3101251.0, "False Positives": 22477.0, "False Negatives": 43112.0, "BB-Loc": 0.3480803051515836, "BB-IoU": 0.025547990632920545, "Average-Loss": 0.06815989865584263}, "model_checkpoint_pareto_0.6980_0.3299_0.0138_5.pt": {"Accuracy": 0.9802936315536499, "Precision": 0.7904883623123169, "Recall": 0.6154367327690125, "F-Score": 0.6920647025108337, "True Positives": 71755.0, "True Negatives": 3104710.0, "False Positives": 19018.0, "False Negatives": 44837.0, "BB-Loc": 0.3346528902398059, "BB-IoU": 0.014063425575888307, "Average-Loss": 0.06157960840866025}}