{"model_checkpoint_pareto_0.6335_0.5443_0.0112_10.pt": {"Accuracy": 0.9771547317504883, "Precision": 0.7569355368614197, "Recall": 0.5377727746963501, "F-Score": 0.6288046836853027, "True Positives": 62700.0, "True Negatives": 3103594.0, "False Positives": 20134.0, "False Negatives": 53892.0, "BB-Loc": 0.5504895704901022, "BB-IoU": 0.011399188546435419, "Average-Loss": 0.08471745990750913}}