{"model_checkpoint_pareto_0.6470_0.3629_0.1990_10.pt": {"Accuracy": 0.978132426738739, "Precision": 0.7751347422599792, "Recall": 0.5525507926940918, "F-Score": 0.6451848745346069, "True Positives": 64423.0, "True Negatives": 3105039.0, "False Positives": 18689.0, "False Negatives": 52169.0, "BB-Loc": 0.3659992451897381, "BB-IoU": 0.1987153021750391, "Average-Loss": 0.0683831175913953}, "model_checkpoint_pareto_0.6398_0.3623_0.2043_7.pt": {"Accuracy": 0.9783734083175659, "Precision": 0.8019003868103027, "Recall": 0.5298476815223694, "F-Score": 0.6380862593650818, "True Positives": 61776.0, "True Negatives": 3108467.0, "False Positives": 15261.0, "False Negatives": 54816.0, "BB-Loc": 0.36605247739591434, "BB-IoU": 0.2047659441902227, "Average-Loss": 0.06872973290446623}, "model_checkpoint_pareto_0.6570_0.3610_0.1743_6.pt": {"Accuracy": 0.9786052107810974, "Precision": 0.7829621434211731, "Recall": 0.5608704090118408, "F-Score": 0.6535639762878418, "True Positives": 65393.0, "True Negatives": 3105601.0, "False Positives": 18127.0, "False Negatives": 51199.0, "BB-Loc": 0.3647699290898732, "BB-IoU": 0.17422974301946126, "Average-Loss": 0.06712013107501728}, "model_checkpoint_pareto_0.6489_0.3570_0.1986_9.pt": {"Accuracy": 0.9780870676040649, "Precision": 0.7698956727981567, "Recall": 0.5576711893081665, "F-Score": 0.6468203663825989, "True Positives": 65020.0, "True Negatives": 3104295.0, "False Positives": 19433.0, "False Negatives": 51572.0, "BB-Loc": 0.3604929535414776, "BB-IoU": 0.19932722122597707, "Average-Loss": 0.06817189351668972}}