{"checkpoints/COCO2014/vanilla_standard_attrIxG_loclossL1_origNone_resnet50_lr0.0001_sll0.0_layerFinal/model_checkpoint_f1_best.pt": {"Accuracy": 0.9795261025428772, "Precision": 0.7462897300720215, "Recall": 0.6529778838157654, "F-Score": 0.6965225338935852, "True Positives": 76132.0, "True Negatives": 3097846.0, "False Positives": 25882.0, "False Negatives": 40460.0, "BB-Loc": 0.24102545260550454, "BB-IoU": 0.0021022253239787203, "Average-Loss": 0.06654939269115397}}