{"checkpoints/COCO2014/bcos_standard_attrBCos_loclossL1_origNone_resnet50_lr0.0001_sll0.0_layerFinal/model_checkpoint_f1_best.pt": {"Accuracy": 0.9809027910232544, "Precision": 0.8005867600440979, "Recall": 0.6249056458473206, "F-Score": 0.7019205093383789, "True Positives": 72859.0, "True Negatives": 3105580.0, "False Positives": 18148.0, "False Negatives": 43733.0, "BB-Loc": 0.29952733097718565, "BB-IoU": 0.00880732957393547, "Average-Loss": 0.056312484183660874}}