{"model_checkpoint_pareto_0.6839_0.4752_0.1449_9.pt": {"Accuracy": 0.9790292382240295, "Precision": 0.7552048563957214, "Recall": 0.6172636151313782, "F-Score": 0.6793022751808167, "True Positives": 71968.0, "True Negatives": 3100400.0, "False Positives": 23328.0, "False Negatives": 44624.0, "BB-Loc": 0.4786607663947315, "BB-IoU": 0.1447622106760823, "Average-Loss": 0.0885968691460257}, "model_checkpoint_pareto_0.6968_0.4349_0.1786_3.pt": {"Accuracy": 0.9792298078536987, "Precision": 0.7461251020431519, "Recall": 0.6407901048660278, "F-Score": 0.6894575357437134, "True Positives": 74711.0, "True Negatives": 3098307.0, "False Positives": 25421.0, "False Negatives": 41881.0, "BB-Loc": 0.43999439734880585, "BB-IoU": 0.17872696170921257, "Average-Loss": 0.07496725342713065}, "model_checkpoint_pareto_0.6938_0.4250_0.1850_2.pt": {"Accuracy": 0.9797053933143616, "Precision": 0.7728126645088196, "Recall": 0.6175037622451782, "F-Score": 0.68648362159729, "True Positives": 71996.0, "True Negatives": 3102563.0, "False Positives": 21165.0, "False Negatives": 44596.0, "BB-Loc": 0.43009797064267097, "BB-IoU": 0.1851094433336895, "Average-Loss": 0.06950572807045292}, "model_checkpoint_pareto_0.6909_0.4690_0.1488_8.pt": {"Accuracy": 0.979623019695282, "Precision": 0.7751692533493042, "Recall": 0.6108566522598267, "F-Score": 0.6832733750343323, "True Positives": 71221.0, "True Negatives": 3103071.0, "False Positives": 20657.0, "False Negatives": 45371.0, "BB-Loc": 0.4748030670907902, "BB-IoU": 0.14899631842831912, "Average-Loss": 0.08727065946611755}, "model_checkpoint_pareto_0.6888_0.4522_0.1650_5.pt": {"Accuracy": 0.9786518216133118, "Precision": 0.7323838472366333, "Recall": 0.640867292881012, "F-Score": 0.6835761666297913, "True Positives": 74720.0, "True Negatives": 3096425.0, "False Positives": 27303.0, "False Negatives": 41872.0, "BB-Loc": 0.4575520031789718, "BB-IoU": 0.16514831462341462, "Average-Loss": 0.0831978315895498}, "model_checkpoint_pareto_0.6859_0.4645_0.1540_7.pt": {"Accuracy": 0.9788394570350647, "Precision": 0.7423375248908997, "Recall": 0.6308837532997131, "F-Score": 0.6820877194404602, "True Positives": 73556.0, "True Negatives": 3098197.0, "False Positives": 25531.0, "False Negatives": 43036.0, "BB-Loc": 0.4693665164981118, "BB-IoU": 0.15430242074177933, "Average-Loss": 0.0852351315803686}, "model_checkpoint_pareto_0.6897_0.4581_0.1624_6.pt": {"Accuracy": 0.9789258241653442, "Precision": 0.7392592430114746, "Recall": 0.64006108045578, "F-Score": 0.6860930919647217, "True Positives": 74626.0, "True Negatives": 3097407.0, "False Positives": 26321.0, "False Negatives": 41966.0, "BB-Loc": 0.4636870353283886, "BB-IoU": 0.16242112620622268, "Average-Loss": 0.08488826310943055}, "model_checkpoint_pareto_0.7007_0.4060_0.1966_1.pt": {"Accuracy": 0.9800325036048889, "Precision": 0.7738340497016907, "Recall": 0.6288596391677856, "F-Score": 0.6938549280166626, "True Positives": 73320.0, "True Negatives": 3102299.0, "False Positives": 21429.0, "False Negatives": 43272.0, "BB-Loc": 0.4096105957191837, "BB-IoU": 0.19644279893596744, "Average-Loss": 0.0664116024806192}, "model_checkpoint_pareto_0.6880_0.4461_0.1708_4.pt": {"Accuracy": 0.9792758226394653, "Precision": 0.7600930333137512, "Recall": 0.619596540927887, "F-Score": 0.6826912760734558, "True Positives": 72240.0, "True Negatives": 3100927.0, "False Positives": 22801.0, "False Negatives": 44352.0, "BB-Loc": 0.450443298107403, "BB-IoU": 0.17065357658246477, "Average-Loss": 0.07755213388453919}}