{"model_checkpoint_pareto_0.6916_0.2839_0.0028_3.pt": {"Accuracy": 0.9790703058242798, "Precision": 0.7474455237388611, "Recall": 0.6318014860153198, "F-Score": 0.6847754120826721, "True Positives": 73663.0, "True Negatives": 3098838.0, "False Positives": 24890.0, "False Negatives": 42929.0, "BB-Loc": 0.28708177607953295, "BB-IoU": 0.0028322628993551037, "Average-Loss": 0.07860220860709745}, "model_checkpoint_pareto_0.6774_0.2997_0.0027_10.pt": {"Accuracy": 0.9781385660171509, "Precision": 0.7329586148262024, "Recall": 0.61734938621521, "F-Score": 0.6702049374580383, "True Positives": 71978.0, "True Negatives": 3097504.0, "False Positives": 26224.0, "False Negatives": 44614.0, "BB-Loc": 0.30316331571857136, "BB-IoU": 0.0027608326628442426, "Average-Loss": 0.09916598105086843}, "model_checkpoint_pareto_0.6830_0.2956_0.0028_8.pt": {"Accuracy": 0.978621244430542, "Precision": 0.743300199508667, "Recall": 0.6199396252632141, "F-Score": 0.6760384440422058, "True Positives": 72280.0, "True Negatives": 3098766.0, "False Positives": 24962.0, "False Negatives": 44312.0, "BB-Loc": 0.2991021365685584, "BB-IoU": 0.0028576507844683113, "Average-Loss": 0.09254207531972151}, "model_checkpoint_pareto_0.6959_0.2682_0.0027_1.pt": {"Accuracy": 0.9796859622001648, "Precision": 0.767871081829071, "Recall": 0.6240994334220886, "F-Score": 0.688560426235199, "True Positives": 72765.0, "True Negatives": 3101731.0, "False Positives": 21997.0, "False Negatives": 43827.0, "BB-Loc": 0.2714102100912119, "BB-IoU": 0.0027174127946828427, "Average-Loss": 0.06957300778742531}}