{"model_checkpoint_pareto_0.5660_0.2873_0.2094_1.pt": {"Accuracy": 0.9735158681869507, "Precision": 0.6940097808837891, "Recall": 0.472107857465744, "F-Score": 0.5619458556175232, "True Positives": 55044.0, "True Negatives": 3099459.0, "False Positives": 24269.0, "False Negatives": 61548.0, "BB-Loc": 0.29159947480651405, "BB-IoU": 0.20790924756090495, "Average-Loss": 0.0882692888935352}, "model_checkpoint_pareto_0.6986_0.2492_0.2467_7.pt": {"Accuracy": 0.9800615310668945, "Precision": 0.7770907878875732, "Recall": 0.6252143979072571, "F-Score": 0.69292813539505, "True Positives": 72895.0, "True Negatives": 3102818.0, "False Positives": 20910.0, "False Negatives": 43697.0, "BB-Loc": 0.25395712181729, "BB-IoU": 0.24964957742186308, "Average-Loss": 0.060571672415841646}, "model_checkpoint_pareto_0.6580_0.2733_0.2453_2.pt": {"Accuracy": 0.9782071113586426, "Precision": 0.76872718334198, "Recall": 0.5640181303024292, "F-Score": 0.6506510376930237, "True Positives": 65760.0, "True Negatives": 3103944.0, "False Positives": 19784.0, "False Negatives": 50832.0, "BB-Loc": 0.2783554785883416, "BB-IoU": 0.24671023477340412, "Average-Loss": 0.06455498487610792}}