{"model_checkpoint_pareto_0.7009_0.2417_0.0019_1.pt": {"Accuracy": 0.9796338081359863, "Precision": 0.7560807466506958, "Recall": 0.6406700015068054, "F-Score": 0.6936073303222656, "True Positives": 74697.0, "True Negatives": 3099630.0, "False Positives": 24098.0, "False Negatives": 41895.0, "BB-Loc": 0.24585334367100714, "BB-IoU": 0.0019317590830670356, "Average-Loss": 0.069347293438611}}