{"model_checkpoint_pareto_0.3220_0.3066_0.0339_1.pt": {"Accuracy": 0.9689694046974182, "Precision": 0.7667697668075562, "Recall": 0.19774942100048065, "F-Score": 0.3144121468067169, "True Positives": 23056.0, "True Negatives": 3116715.0, "False Positives": 7013.0, "False Negatives": 93536.0, "BB-Loc": 0.3095336110953648, "BB-IoU": 0.03282963360798635, "Average-Loss": 0.10416992959028738}, "model_checkpoint_pareto_0.6845_0.2390_0.0130_8.pt": {"Accuracy": 0.9794983267784119, "Precision": 0.7875487208366394, "Recall": 0.5891484618186951, "F-Score": 0.6740525364875793, "True Positives": 68690.0, "True Negatives": 3105198.0, "False Positives": 18530.0, "False Negatives": 47902.0, "BB-Loc": 0.24348236694607278, "BB-IoU": 0.013131430444116899, "Average-Loss": 0.06074171011659342}}