{"model_checkpoint_pareto_0.2731_0.2008_0.0011_2.pt": {"Accuracy": 0.9633647203445435, "Precision": 0.47721993923187256, "Recall": 0.19027891755104065, "F-Score": 0.2720750570297241, "True Positives": 22185.0, "True Negatives": 3099425.0, "False Positives": 24303.0, "False Negatives": 94407.0, "BB-Loc": 0.20536107882897828, "BB-IoU": 0.0010570114657920985, "Average-Loss": 0.15171288059512641}, "model_checkpoint_pareto_0.1903_0.2187_0.0007_8.pt": {"Accuracy": 0.9630064368247986, "Precision": 0.44760140776634216, "Recall": 0.12011973559856415, "F-Score": 0.1894090473651886, "True Positives": 14005.0, "True Negatives": 3106444.0, "False Positives": 17284.0, "False Negatives": 102587.0, "BB-Loc": 0.22396215300862138, "BB-IoU": 0.0007366908723802458, "Average-Loss": 0.15991112085380457}}