{"model_checkpoint_pareto_0.6981_0.3952_0.3016_2.pt": {"Accuracy": 0.9803225994110107, "Precision": 0.7931244969367981, "Recall": 0.6130266189575195, "F-Score": 0.6915422081947327, "True Positives": 71474.0, "True Negatives": 3105085.0, "False Positives": 18643.0, "False Negatives": 45118.0, "BB-Loc": 0.400076010495409, "BB-IoU": 0.3017922524706307, "Average-Loss": 0.06628153358503172}, "model_checkpoint_pareto_0.6925_0.4187_0.2995_10.pt": {"Accuracy": 0.9794005155563354, "Precision": 0.7575839161872864, "Recall": 0.6286623477935791, "F-Score": 0.6871282458305359, "True Positives": 73297.0, "True Negatives": 3100274.0, "False Positives": 23454.0, "False Negatives": 43295.0, "BB-Loc": 0.42356249090329984, "BB-IoU": 0.3008422618861944, "Average-Loss": 0.0870734615427643}, "model_checkpoint_pareto_0.6958_0.4084_0.3001_5.pt": {"Accuracy": 0.9794399738311768, "Precision": 0.7578881978988647, "Recall": 0.6297858953475952, "F-Score": 0.6879242062568665, "True Positives": 73428.0, "True Negatives": 3100271.0, "False Positives": 23457.0, "False Negatives": 43164.0, "BB-Loc": 0.4123021060372816, "BB-IoU": 0.30036066929787153, "Average-Loss": 0.07936502750885716}, "model_checkpoint_pareto_0.6945_0.4037_0.3059_4.pt": {"Accuracy": 0.9793547987937927, "Precision": 0.7552939057350159, "Recall": 0.6305063962936401, "F-Score": 0.6872817277908325, "True Positives": 73512.0, "True Negatives": 3099911.0, "False Positives": 23817.0, "False Negatives": 43080.0, "BB-Loc": 0.4070006007693954, "BB-IoU": 0.30546582918380577, "Average-Loss": 0.07426393265171341}}