{"model_checkpoint_pareto_0.6787_0.2559_0.0004_5.pt": {"Accuracy": 0.9784919619560242, "Precision": 0.739591121673584, "Recall": 0.6208487749099731, "F-Score": 0.6750378608703613, "True Positives": 72386.0, "True Negatives": 3098241.0, "False Positives": 25487.0, "False Negatives": 44206.0, "BB-Loc": 0.26066467138299376, "BB-IoU": 0.00042430088452131146, "Average-Loss": 0.08048089916659466}, "model_checkpoint_pareto_0.6906_0.2519_0.0005_1.pt": {"Accuracy": 0.9791295528411865, "Precision": 0.7560850381851196, "Recall": 0.61997389793396, "F-Score": 0.6812978386878967, "True Positives": 72284.0, "True Negatives": 3100409.0, "False Positives": 23319.0, "False Negatives": 44308.0, "BB-Loc": 0.2548127433344227, "BB-IoU": 0.0005522595643216195, "Average-Loss": 0.06892233179323339}}