{"model_checkpoint_pareto_0.6628_0.3036_0.0338_4.pt": {"Accuracy": 0.9774689078330994, "Precision": 0.7265092134475708, "Recall": 0.5994922518730164, "F-Score": 0.6569172739982605, "True Positives": 69896.0, "True Negatives": 3097416.0, "False Positives": 26312.0, "False Negatives": 46696.0, "BB-Loc": 0.3065862127113263, "BB-IoU": 0.03387115685318847, "Average-Loss": 0.06903224450054316}}