{"model_checkpoint_pareto_0.6741_0.4063_0.2225_2.pt": {"Accuracy": 0.9780688285827637, "Precision": 0.7354182004928589, "Recall": 0.6099217534065247, "F-Score": 0.6668167114257812, "True Positives": 71112.0, "True Negatives": 3098144.0, "False Positives": 25584.0, "False Negatives": 45480.0, "BB-Loc": 0.41066767799780796, "BB-IoU": 0.22089202873807992, "Average-Loss": 0.07603484426306661}, "model_checkpoint_pareto_0.6696_0.4126_0.2410_7.pt": {"Accuracy": 0.9775543808937073, "Precision": 0.7229049205780029, "Recall": 0.6100161075592041, "F-Score": 0.6616801023483276, "True Positives": 71123.0, "True Negatives": 3096466.0, "False Positives": 27262.0, "False Negatives": 45469.0, "BB-Loc": 0.4165419923954829, "BB-IoU": 0.2403953309291026, "Average-Loss": 0.11309071856714768}, "model_checkpoint_pareto_0.6675_0.4147_0.2500_9.pt": {"Accuracy": 0.9778392314910889, "Precision": 0.7343730330467224, "Recall": 0.6017736792564392, "F-Score": 0.6614937782287598, "True Positives": 70162.0, "True Negatives": 3098350.0, "False Positives": 25378.0, "False Negatives": 46430.0, "BB-Loc": 0.41853905885909254, "BB-IoU": 0.249141018371817, "Average-Loss": 0.12716061800994963}}