{"model_checkpoint_pareto_0.6754_0.2647_0.0027_1.pt": {"Accuracy": 0.9788894057273865, "Precision": 0.7700792551040649, "Recall": 0.5892171263694763, "F-Score": 0.6676158308982849, "True Positives": 68698.0, "True Negatives": 3103217.0, "False Positives": 20511.0, "False Negatives": 47894.0, "BB-Loc": 0.26839139250986255, "BB-IoU": 0.0027310913288345444, "Average-Loss": 0.0706573371804328}, "model_checkpoint_pareto_0.6639_0.2683_0.0026_4.pt": {"Accuracy": 0.9782999753952026, "Precision": 0.7638941407203674, "Recall": 0.5744733810424805, "F-Score": 0.6557793021202087, "True Positives": 66979.0, "True Negatives": 3103026.0, "False Positives": 20702.0, "False Negatives": 49613.0, "BB-Loc": 0.2722152694131713, "BB-IoU": 0.00258616737179827, "Average-Loss": 0.1164285929900442}, "model_checkpoint_pareto_0.6626_0.2727_0.0024_10.pt": {"Accuracy": 0.9775170087814331, "Precision": 0.7329222559928894, "Recall": 0.5902377367019653, "F-Score": 0.6538867354393005, "True Positives": 68817.0, "True Negatives": 3098651.0, "False Positives": 25077.0, "False Negatives": 47775.0, "BB-Loc": 0.2762842590231035, "BB-IoU": 0.0025175076713603614, "Average-Loss": 0.135988558325258}}