{"model_checkpoint_pareto_0.6429_0.2979_0.0021_1.pt": {"Accuracy": 0.9774207472801208, "Precision": 0.7572078108787537, "Recall": 0.5482794642448425, "F-Score": 0.6360253691673279, "True Positives": 63925.0, "True Negatives": 3103231.0, "False Positives": 20497.0, "False Negatives": 52667.0, "BB-Loc": 0.3016363115423861, "BB-IoU": 0.002196661300468778, "Average-Loss": 0.0680723120613859}, "model_checkpoint_pareto_0.6277_0.3064_0.0013_4.pt": {"Accuracy": 0.9770402312278748, "Precision": 0.7677245736122131, "Recall": 0.5188949704170227, "F-Score": 0.6192482113838196, "True Positives": 60499.0, "True Negatives": 3105424.0, "False Positives": 18304.0, "False Negatives": 56093.0, "BB-Loc": 0.30993926174557385, "BB-IoU": 0.0013275457935729466, "Average-Loss": 0.07218282429474558}}