{"model_checkpoint_pareto_0.6698_0.4561_0.1208_5.pt": {"Accuracy": 0.9770603179931641, "Precision": 0.7085018754005432, "Recall": 0.6158312559127808, "F-Score": 0.6589242815971375, "True Positives": 71801.0, "True Negatives": 3094187.0, "False Positives": 29541.0, "False Negatives": 44791.0, "BB-Loc": 0.4604726257469483, "BB-IoU": 0.12030744150118579, "Average-Loss": 0.11180411001073969}, "model_checkpoint_pareto_0.6645_0.4497_0.1232_3.pt": {"Accuracy": 0.9773426651954651, "Precision": 0.7201300859451294, "Recall": 0.605710506439209, "F-Score": 0.657983124256134, "True Positives": 70621.0, "True Negatives": 3096282.0, "False Positives": 27446.0, "False Negatives": 45971.0, "BB-Loc": 0.45452619984101483, "BB-IoU": 0.12312010958621156, "Average-Loss": 0.09359940120690241}, "model_checkpoint_pareto_0.6719_0.4443_0.1263_2.pt": {"Accuracy": 0.977388322353363, "Precision": 0.7142729759216309, "Recall": 0.6193220615386963, "F-Score": 0.6634173393249512, "True Positives": 72208.0, "True Negatives": 3094843.0, "False Positives": 28885.0, "False Negatives": 44384.0, "BB-Loc": 0.44936085406708615, "BB-IoU": 0.12633689351459002, "Average-Loss": 0.08036604988087596}, "model_checkpoint_pareto_0.6789_0.4401_0.1276_1.pt": {"Accuracy": 0.9786595106124878, "Precision": 0.7551578283309937, "Recall": 0.6021339297294617, "F-Score": 0.6700197458267212, "True Positives": 70204.0, "True Negatives": 3100966.0, "False Positives": 22762.0, "False Negatives": 46388.0, "BB-Loc": 0.44443899065283554, "BB-IoU": 0.12673903323232671, "Average-Loss": 0.06920891855395454}, "model_checkpoint_pareto_0.6658_0.4681_0.1175_9.pt": {"Accuracy": 0.978005588054657, "Precision": 0.7497217655181885, "Recall": 0.583530604839325, "F-Score": 0.6562682390213013, "True Positives": 68035.0, "True Negatives": 3101016.0, "False Positives": 22712.0, "False Negatives": 48557.0, "BB-Loc": 0.47189048327769356, "BB-IoU": 0.11704939676612472, "Average-Loss": 0.13060237154432278}}