{"model_checkpoint_pareto_0.6677_0.3061_0.0031_5.pt": {"Accuracy": 0.9775297045707703, "Precision": 0.728266179561615, "Recall": 0.5990119576454163, "F-Score": 0.6573454737663269, "True Positives": 69840.0, "True Negatives": 3097669.0, "False Positives": 26059.0, "False Negatives": 46752.0, "BB-Loc": 0.3093726808965928, "BB-IoU": 0.003153334832937157, "Average-Loss": 0.11097747724375988}, "model_checkpoint_pareto_0.6580_0.3139_0.0032_6.pt": {"Accuracy": 0.9770970344543457, "Precision": 0.7200660705566406, "Recall": 0.5946634411811829, "F-Score": 0.6513841152191162, "True Positives": 69333.0, "True Negatives": 3096774.0, "False Positives": 26954.0, "False Negatives": 47259.0, "BB-Loc": 0.31722570391744537, "BB-IoU": 0.003160958024139882, "Average-Loss": 0.11754460930942005}, "model_checkpoint_pareto_0.6759_0.2935_0.0031_1.pt": {"Accuracy": 0.9788968563079834, "Precision": 0.7680980563163757, "Recall": 0.5923390984535217, "F-Score": 0.6688651442527771, "True Positives": 69062.0, "True Negatives": 3102877.0, "False Positives": 20851.0, "False Negatives": 47530.0, "BB-Loc": 0.296758468733738, "BB-IoU": 0.0030671593667511445, "Average-Loss": 0.07042839205502852}, "model_checkpoint_pareto_0.6566_0.3217_0.0033_10.pt": {"Accuracy": 0.9771016240119934, "Precision": 0.7236583828926086, "Recall": 0.588239312171936, "F-Score": 0.6489596366882324, "True Positives": 68584.0, "True Negatives": 3097538.0, "False Positives": 26190.0, "False Negatives": 48008.0, "BB-Loc": 0.3243344886499386, "BB-IoU": 0.0033441921005995085, "Average-Loss": 0.1298832947054612}}