{"model_checkpoint_pareto_0.7574_0.6938_0.0078_10.pt": {"Accuracy": 0.9657007455825806, "Precision": 0.8105294108390808, "Recall": 0.7241876125335693, "F-Score": 0.7649297714233398, "True Positives": 5527.0, "True Negatives": 90116.0, "False Positives": 1292.0, "False Negatives": 2105.0, "BB-Loc": 0.7014235179455327, "BB-IoU": 0.007240980378500414, "Average-Loss": 0.18841218717263858}, "model_checkpoint_pareto_0.7697_0.6922_0.0085_7.pt": {"Accuracy": 0.9680533409118652, "Precision": 0.8523659110069275, "Recall": 0.7080712914466858, "F-Score": 0.7735471129417419, "True Positives": 5404.0, "True Negatives": 90472.0, "False Positives": 936.0, "False Negatives": 2228.0, "BB-Loc": 0.6972332846888487, "BB-IoU": 0.007725559467983809, "Average-Loss": 0.17038814316658674}, "model_checkpoint_pareto_0.7792_0.6569_0.0083_2.pt": {"Accuracy": 0.9691336750984192, "Precision": 0.8559203147888184, "Recall": 0.7207809090614319, "F-Score": 0.7825592160224915, "True Positives": 5501.0, "True Negatives": 90482.0, "False Positives": 926.0, "False Negatives": 2131.0, "BB-Loc": 0.6615044878192956, "BB-IoU": 0.0076124650302889976, "Average-Loss": 0.1675669311129026}, "model_checkpoint_pareto_0.7703_0.6919_0.0086_7.pt": {"Accuracy": 0.9682855606079102, "Precision": 0.8544593453407288, "Recall": 0.7092505097389221, "F-Score": 0.7751127481460571, "True Positives": 5413.0, "True Negatives": 90486.0, "False Positives": 922.0, "False Negatives": 2219.0, "BB-Loc": 0.6968160096132785, "BB-IoU": 0.007896107900428405, "Average-Loss": 0.17022419129897012}, "model_checkpoint_pareto_0.7430_0.7185_0.0077_50.pt": {"Accuracy": 0.9659026861190796, "Precision": 0.8376448154449463, "Recall": 0.6915618181228638, "F-Score": 0.7576257586479187, "True Positives": 5278.0, "True Negatives": 90385.0, "False Positives": 1023.0, "False Negatives": 2354.0, "BB-Loc": 0.7230098655771846, "BB-IoU": 0.007115298213007314, "Average-Loss": 0.2062190214536109}, "model_checkpoint_pareto_0.7648_0.7128_0.0079_29.pt": {"Accuracy": 0.967720091342926, "Precision": 0.8438517451286316, "Recall": 0.7130503058433533, "F-Score": 0.7729564905166626, "True Positives": 5442.0, "True Negatives": 90401.0, "False Positives": 1007.0, "False Negatives": 2190.0, "BB-Loc": 0.7207901740525314, "BB-IoU": 0.0073391400537694326, "Average-Loss": 0.18625400524724858}, "model_checkpoint_pareto_0.7795_0.6570_0.0083_2.pt": {"Accuracy": 0.9692346453666687, "Precision": 0.8571428656578064, "Recall": 0.7209119200706482, "F-Score": 0.7831470966339111, "True Positives": 5502.0, "True Negatives": 90491.0, "False Positives": 917.0, "False Negatives": 2130.0, "BB-Loc": 0.6615781364488867, "BB-IoU": 0.007602776131163392, "Average-Loss": 0.16752927715443255}}