{"model_checkpoint_pareto_0.7560_0.7290_0.0078_50.pt": {"Accuracy": 0.9666902422904968, "Precision": 0.8280090689659119, "Recall": 0.7165880799293518, "F-Score": 0.7682798504829407, "True Positives": 5469.0, "True Negatives": 90272.0, "False Positives": 1136.0, "False Negatives": 2163.0, "BB-Loc": 0.7297431992673249, "BB-IoU": 0.007284718121890454, "Average-Loss": 0.20172035328213347}, "model_checkpoint_pareto_0.7786_0.6702_0.0085_3.pt": {"Accuracy": 0.9698404669761658, "Precision": 0.8632879853248596, "Recall": 0.7231394052505493, "F-Score": 0.7870231866836548, "True Positives": 5519.0, "True Negatives": 90534.0, "False Positives": 874.0, "False Negatives": 2113.0, "BB-Loc": 0.6730799796598974, "BB-IoU": 0.007894319187105325, "Average-Loss": 0.16909034494822167}, "model_checkpoint_pareto_0.7743_0.7265_0.0076_42.pt": {"Accuracy": 0.9688711762428284, "Precision": 0.8638617992401123, "Recall": 0.7075471878051758, "F-Score": 0.7779298424720764, "True Positives": 5400.0, "True Negatives": 90557.0, "False Positives": 851.0, "False Negatives": 2232.0, "BB-Loc": 0.7304109581304181, "BB-IoU": 0.006955728179647527, "Average-Loss": 0.18005657041977988}}